{
    "HICO_train2015_00000001": {
        "29.0": {
            "box": [
                212.4544219970703,
                25.07971954345703,
                436.25177001953125,
                316.95843505859375
            ],
            "score": 0.9802901148796082
        }
    },
    "HICO_train2015_00000002": {
        "255.0": {
            "box": [
                248.7639923095703,
                0.0,
                631.1021728515625,
                127.36035919189453
            ],
            "score": 0.9872176051139832
        },
        "425.0": {
            "box": [
                622.548828125,
                0.18797379732131958,
                639.0729370117188,
                53.80751419067383
            ],
            "score": 0.013956635259091854
        },
        "679.0": {
            "box": [
                64.41514587402344,
                462.5192565917969,
                149.7908172607422,
                479.4000244140625
            ],
            "score": 0.11868453025817871
        }
    },
    "HICO_train2015_00000003": {
        "110.0": {
            "box": [
                561.2061767578125,
                360.74822998046875,
                569.1322631835938,
                374.5457763671875
            ],
            "score": 0.06274253875017166
        },
        "17.0": {
            "box": [
                147.6213836669922,
                285.4587097167969,
                171.63027954101562,
                342.0434875488281
            ],
            "score": 0.3781451880931854
        },
        "182.0": {
            "box": [
                207.48878479003906,
                291.6888732910156,
                267.8890686035156,
                366.1549987792969
            ],
            "score": 0.33399415016174316
        },
        "20.0": {
            "box": [
                1.4041439294815063,
                359.1273193359375,
                20.132347106933594,
                389.1437683105469
            ],
            "score": 0.12895697355270386
        },
        "207.0": {
            "box": [
                66.49573516845703,
                343.80499267578125,
                78.9020004272461,
                384.6669006347656
            ],
            "score": 0.04249436408281326
        },
        "293.0": {
            "box": [
                390.0434265136719,
                333.8720397949219,
                407.0789489746094,
                369.0296325683594
            ],
            "score": 0.05641363561153412
        },
        "327.0": {
            "box": [
                148.09304809570312,
                320.20697021484375,
                169.5765838623047,
                353.99298095703125
            ],
            "score": 0.14894655346870422
        },
        "34.0": {
            "box": [
                420.5321960449219,
                203.56834411621094,
                434.602783203125,
                238.47634887695312
            ],
            "score": 0.229797825217247
        },
        "67.0": {
            "box": [
                547.217529296875,
                359.23822021484375,
                556.2069091796875,
                371.9486389160156
            ],
            "score": 0.10136821866035461
        },
        "752.0": {
            "box": [
                173.73924255371094,
                283.9530944824219,
                204.19837951660156,
                331.4238586425781
            ],
            "score": 0.18247090280056
        }
    }
}
