{
    "train_100579": {
        "3.0": {
            "box": [
                259.43133544921875,
                221.16998291015625,
                497.86810302734375,
                317.01287841796875
            ],
            "score": 0.9909815192222595
        },
        "10.0": {
            "box": [
                0.0,
                183.47401428222656,
                347.173095703125,
                355.07293701171875
            ],
            "score": 0.9938191771507263
        },
        "36.0": {
            "box": [
                471.97515869140625,
                215.45169067382812,
                595.5595092773438,
                292.94879150390625
            ],
            "score": 0.9856290221214294
        },
        "130.0": {
            "box": [
                417.7669677734375,
                213.422119140625,
                504.51885986328125,
                256.8242492675781
            ],
            "score": 0.016203053295612335
        },
        "201.0": {
            "box": [
                193.0915985107422,
                186.1009979248047,
                569.9325561523438,
                403.1800537109375
            ],
            "score": 0.2489808350801468
        },
        "238.0": {
            "box": [
                269.6224060058594,
                234.93222045898438,
                327.1731872558594,
                284.9601745605469
            ],
            "score": 0.03156137093901634
        },
        "253.0": {
            "box": [
                0.3349571228027344,
                232.64883422851562,
                37.081382751464844,
                334.8604431152344
            ],
            "score": 0.031097641214728355
        }
    },
    "train_100611": {
        "0.0": {
            "box": [
                111.9068832397461,
                2.6902236938476562,
                173.44207763671875,
                165.97607421875
            ],
            "score": 0.9978620409965515
        },
        "16.0": {
            "box": [
                189.27603149414062,
                36.275978088378906,
                309.5135192871094,
                209.08786010742188
            ],
            "score": 0.9938325881958008
        },
        "31.0": {
            "box": [
                82.51994323730469,
                229.53634643554688,
                206.5536651611328,
                415.3284606933594
            ],
            "score": 0.9931121468544006
        },
        "181.0": {
            "box": [
                158.70689392089844,
                80.23207092285156,
                309.650390625,
                412.04217529296875
            ],
            "score": 0.09447474032640457
        },
        "200.0": {
            "box": [
                222.90689086914062,
                283.2820129394531,
                290.5303039550781,
                405.1957092285156
            ],
            "score": 0.06035853177309036
        }
    }
}
